split,model,ROUGE-1,ROUGE-2,ROUGE-Lsum
validation,baseline,0.1190341966560038,0.04449546138564745,0.08934027805270706
validation,fine_tuned,0.3388103897357264,0.10964303906971498,0.2043600623365878
test,baseline,0.0,0.0,0.0
test,fine_tuned,0.0,0.0,0.0
